{"table0":{"block0":[0.19150030612945557,0.49761390686035156,0.6220465302467346,0.8177566528320313,0.43768396973609924,0.6120506525039673,0.7852800488471985,0.7712827920913696,0.7798978090286255,0.8605837225914001,0.2725653350353241,0.1506219059228897,0.27643659710884094,0.1984989047050476,0.8017919659614563,0.8150814175605774,0.9580435156822205,0.15879946947097778,0.8758450150489807,0.11612621694803238,0.35778146982192993,0.012906242161989212,0.500944972038269,0.48678475618362427,0.6833945512771606,0.3309823274612427,0.7126307487487793],"block1":[0.8025592565536499,0.37021371722221375,0.09824211150407791,0.5611400604248047,0.055987849831581116,0.5030328631401062,0.44261837005615234,0.013767074793577194,0.022141695022583008,0.7727493047714233,0.29069945216178894,0.8825529217720032,0.24636979401111603,0.3648494780063629,0.7382129430770874,0.6153345704078674,0.8891372084617615,0.07537369430065155,0.9870405793190002,0.36878710985183716,0.1174316331744194,0.9330467581748962,0.39374294877052307,0.6513130068778992,0.45268455147743225,0.39716285467147827,0.5380939841270447],"block2":[0.7886512875556946,0.7905430197715759,0.316804438829422,0.4657897651195526,0.5680418610572815,0.4352886974811554,0.8690404891967773,0.569421648979187,0.43612977862358093,0.969162106513977,0.8020673990249634,0.04055209457874298,0.14375244081020355,0.5480647087097168,0.7041904926300049,0.46253034472465515,0.7045108675956726,0.3764345943927765,0.21877022087574005,0.32787930965423584,0.9247751235961914,0.8134475946426392,0.4420965313911438,0.6464876532554626,0.9092249870300293,0.047421738505363464,0.05980323627591133],"optima":{"3":0.9580435156822205,"4":1.8910902738571167}},"table1":{"block0":[0.9948580265045166,0.18426865339279175,0.6891666650772095,0.04735054448246956,0.9294529557228088,0.674813449382782,0.9180247187614441,0.5945652723312378,0.9752041697502136,0.5332568287849426,0.3969622850418091,0.04331973195075989,0.2625998258590698,0.5613769292831421,0.43010833859443665,0.32963547110557556,0.7644543051719666,0.5029165148735046,0.5996708273887634,0.11188312619924545,0.08093885332345963,0.6071329712867737,0.7044740319252014,0.5658880472183228,0.16399691998958588,0.006763388868421316,0.03234610706567764],"block1":[0.6173799633979797,0.3281175494194031,0.9120316505432129,0.47381260991096497,0.79044508934021,0.06807790696620941,0.9919822216033936,0.38267242908477783,0.9587058424949646,0.11854228377342224,0.7918848991394043,0.8962388634681702,0.28522244095802307,0.7642320394515991,0.6248542070388794,0.3753673732280731,0.4780460000038147,0.025811608880758286,0.19565561413764954,0.906440258026123,0.3822792172431946,0.7863391041755676,0.05386830121278763,0.6192532777786255,0.4516032338142395,0.21156777441501617,0.981906533241272],"block2":[0.2922747731208801,0.12393030524253845,0.6614785194396973,0.11936895549297333,0.886172354221344,0.738449215888977,0.6711093187332153,0.5872449278831482,0.32964783906936646,0.47158536314964294,0.2073410600423813,0.10711610317230225,0.011630911380052567,0.22919563949108124,0.07153626531362534,0.8998751640319824,0.7299829125404358,0.41671183705329895,0.979741632938385,0.5357980728149414,0.6899471879005432,0.006207891274243593,0.9904757738113403,0.3006116449832916,0.6904652118682861,0.4368494749069214,0.9480283856391907],"optima":{"3":0.9948580265045166,"4":1.9571106433868408}},"table2":{"block0":[0.6120877861976624,0.5835862755775452,0.918106198310852,0.5315001010894775,0.6256740689277649,0.16864046454429626,0.7059269547462463,0.15879185497760773,0.14981871843338013,0.937871515750885,0.7459887862205505,0.7181927561759949,0.8309239149093628,0.47649499773979187,0.6336624026298523,0.8835649490356445,0.4382660388946533,0.40416187047958374,0.15255752205848694,0.1714508980512619,0.5683527588844299,0.13181883096694946,0.5281714797019958,0.4118669629096985,0.9513336420059204,0.024853557348251343,0.4803111255168915],"block1":[0.5635043978691101,0.5025092959403992,0.7817997336387634,0.5368244647979736,0.26703324913978577,0.8191201090812683,0.21423353254795074,0.057109929621219635,0.17753927409648895,0.6693547964096069,0.4292227327823639,0.7670398950576782,0.972015917301178,0.7080445289611816,0.04652692377567291,0.7967875003814697,0.9172627329826355,0.5577050447463989,0.15891417860984802,0.965739905834198,0.9432883262634277,0.1471421718597412,0.7630851864814758,0.029644042253494263,0.053872883319854736,0.5938340425491333,0.2540562152862549],"block2":[0.11405429244041443,0.927879810333252,0.9507147669792175,0.8382276296615601,0.325674831867218,0.15690883994102478,0.19359931349754333,0.6907068490982056,0.4577658772468567,0.3669097423553467,0.9203105568885803,0.9373789429664612,0.8789812326431274,0.6133034825325012,0.25259047746658325,0.6992798447608948,0.3479739725589752,0.5028959512710571,0.1825704574584961,0.7110397815704346,0.9017058610916138,0.13437241315841675,0.7064574956893921,0.8288490176200867,0.7265858054161072,0.7427716255187988,0.8999978303909302],"optima":{"3":0.9513336420059204,"4":1.9170734882354736}}}